CAGR,Volatility,Sharpe,Max_Drawdown,Calmar
0.06133688529835446,0.12635557742501655,0.48543077043634053,-0.3196088802164113,0.1919123312744704
